<?xml version="1.0" encoding="UTF-8"?>
<project-private xmlns="http://www.netbeans.org/ns/project-private/1">
    <editor-bookmarks xmlns="http://www.netbeans.org/ns/editor-bookmarks/2" lastBookmarkId="0"/>
    <open-files xmlns="http://www.netbeans.org/ns/projectui-open-files/2">
        <group>
            <file>file:/G:/Muhammad%20Khaled/WrapperDemo/src/wrapperdemo/Wrapper1.java</file>
            <file>file:/G:/Muhammad%20Khaled/WrapperDemo/src/wrapperdemo/Wrapper3.java</file>
            <file>file:/G:/Muhammad%20Khaled/WrapperDemo/src/wrapperdemo/Wrapper2.java</file>
        </group>
    </open-files>
</project-private>
