<?xml version="1.0" encoding="UTF-8"?>
<project-private xmlns="http://www.netbeans.org/ns/project-private/1">
    <editor-bookmarks xmlns="http://www.netbeans.org/ns/editor-bookmarks/2" lastBookmarkId="0"/>
    <open-files xmlns="http://www.netbeans.org/ns/projectui-open-files/2">
        <group>
            <file>file:/G:/Muhammad%20Khaled/Problam/src/Animal1/Dog.java</file>
            <file>file:/G:/Muhammad%20Khaled/Problam/src/instanceofOperator/Teacher.java</file>
            <file>file:/G:/Muhammad%20Khaled/Problam/src/interface_demo2/B.java</file>
            <file>file:/G:/Muhammad%20Khaled/Problam/src/Animal2/Cow.java</file>
            <file>file:/G:/Muhammad%20Khaled/Problam/src/Encapsulaion/Person.java</file>
            <file>file:/G:/Muhammad%20Khaled/Problam/src/problam/Test.java</file>
            <file>file:/G:/Muhammad%20Khaled/Problam/src/inheritancePrivateMember/Teacher.java</file>
            <file>file:/G:/Muhammad%20Khaled/Problam/src/instanceofOperator/Person.java</file>
            <file>file:/G:/Muhammad%20Khaled/Problam/src/abstraction/Karim.java</file>
            <file>file:/G:/Muhammad%20Khaled/Problam/src/Recursion/factorialTesr.java</file>
            <file>file:/G:/Muhammad%20Khaled/Problam/src/SuperKeyWord2/Test.java</file>
            <file>file:/G:/Muhammad%20Khaled/Problam/src/Polymorphism2/Shape.java</file>
            <file>file:/G:/Muhammad%20Khaled/Problam/src/Problem2/Test.java</file>
            <file>file:/G:/Muhammad%20Khaled/Problam/src/Polymorphism/Test.java</file>
            <file>file:/G:/Muhammad%20Khaled/Problam/src/SuperKeyWord/MethodA.java</file>
            <file>file:/G:/Muhammad%20Khaled/Problam/src/Polymorphism2/Triangle.java</file>
            <file>file:/G:/Muhammad%20Khaled/Problam/src/Polymorphism2/Rectangle.java</file>
            <file>file:/G:/Muhammad%20Khaled/Problam/src/final_KeyWord2/Test.java</file>
            <file>file:/G:/Muhammad%20Khaled/Problam/src/final_KeyWord2/Univarsity.java</file>
            <file>file:/G:/Muhammad%20Khaled/Problam/src/interface_demo2/A.java</file>
            <file>file:/G:/Muhammad%20Khaled/Problam/src/superKey/Vehicle.java</file>
            <file>file:/G:/Muhammad%20Khaled/Problam/src/instanceofOperator/Test.java</file>
            <file>file:/G:/Muhammad%20Khaled/Problam/src/superKey/Test.java</file>
            <file>file:/G:/Muhammad%20Khaled/Problam/src/Eancapsulation2/EancapTest.java</file>
            <file>file:/G:/Muhammad%20Khaled/Problam/src/Polymorphism2/Test.java</file>
            <file>file:/G:/Muhammad%20Khaled/Problam/src/interface_demo2/C.java</file>
            <file>file:/G:/Muhammad%20Khaled/Problam/src/Animal1/Cat.java</file>
            <file>file:/G:/Muhammad%20Khaled/Problam/src/Polymorphism/Rectangle.java</file>
            <file>file:/G:/Muhammad%20Khaled/Problam/src/Problem2/Rectangle.java</file>
            <file>file:/G:/Muhammad%20Khaled/Problam/src/interface_demo/Test.java</file>
            <file>file:/G:/Muhammad%20Khaled/Problam/src/problam/OverLoading.java</file>
            <file>file:/G:/Muhammad%20Khaled/Problam/src/Encapsulaion/EancapTest.java</file>
            <file>file:/G:/Muhammad%20Khaled/Problam/src/abstraction/Test.java</file>
            <file>file:/G:/Muhammad%20Khaled/Problam/src/SuperKeyWord/A.java</file>
            <file>file:/G:/Muhammad%20Khaled/Problam/src/Polymorphism/Shape.java</file>
            <file>file:/G:/Muhammad%20Khaled/Problam/src/SuperKeyWord2/B.java</file>
            <file>file:/G:/Muhammad%20Khaled/Problam/src/interface_demo/Cat.java</file>
            <file>file:/G:/Muhammad%20Khaled/Problam/src/final_KeyWord/Univarsity.java</file>
            <file>file:/G:/Muhammad%20Khaled/Problam/src/Polymorphism/Triangle.java</file>
            <file>file:/G:/Muhammad%20Khaled/Problam/src/instanceofOperator/Animal.java</file>
            <file>file:/G:/Muhammad%20Khaled/Problam/src/final_KeyWord/Test.java</file>
            <file>file:/G:/Muhammad%20Khaled/Problam/src/superKey/Car.java</file>
            <file>file:/G:/Muhammad%20Khaled/Problam/src/problam/CallByReferenceTest.java</file>
            <file>file:/G:/Muhammad%20Khaled/Problam/src/ThisKeyWord/Person.java</file>
            <file>file:/G:/Muhammad%20Khaled/Problam/src/Animal2/Donkey.java</file>
            <file>file:/G:/Muhammad%20Khaled/Problam/src/problam/MathDemo.java</file>
            <file>file:/G:/Muhammad%20Khaled/Problam/src/Method_Overriding/Teacher.java</file>
            <file>file:/G:/Muhammad%20Khaled/Problam/src/SuperKeyWord/Test.java</file>
            <file>file:/G:/Muhammad%20Khaled/Problam/src/Animal2/Dog.java</file>
            <file>file:/G:/Muhammad%20Khaled/Problam/src/Eancapsulation2/Person.java</file>
            <file>file:/G:/Muhammad%20Khaled/Problam/src/SuperKeyWord/B.java</file>
            <file>file:/G:/Muhammad%20Khaled/Problam/src/Call/CallByValue.java</file>
            <file>file:/G:/Muhammad%20Khaled/Problam/src/SuperKeyWord/MethodTest.java</file>
            <file>file:/G:/Muhammad%20Khaled/Problam/src/Call/CallByValueTest.java</file>
            <file>file:/G:/Muhammad%20Khaled/Problam/src/Varargs/Test.java</file>
            <file>file:/G:/Muhammad%20Khaled/Problam/src/abstraction/Rahim.java</file>
            <file>file:/G:/Muhammad%20Khaled/Problam/src/inheritancePrivateMember/Person.java</file>
            <file>file:/G:/Muhammad%20Khaled/Problam/src/inheritancePrivateMember/Test.java</file>
            <file>file:/G:/Muhammad%20Khaled/Problam/src/final_KeyWord2/Student.java</file>
            <file>file:/G:/Muhammad%20Khaled/Problam/src/SuperKeyWord/MethodB.java</file>
            <file>file:/G:/Muhammad%20Khaled/Problam/src/problam/Mathdemo2.java</file>
            <file>file:/G:/Muhammad%20Khaled/Problam/src/Method_Overriding/Person.java</file>
            <file>file:/G:/Muhammad%20Khaled/Problam/src/interface_demo/Dog.java</file>
            <file>file:/G:/Muhammad%20Khaled/Problam/src/Problem2/Triangle.java</file>
            <file>file:/G:/Muhammad%20Khaled/Problam/src/Recursion/factorialDemo.java</file>
            <file>file:/G:/Muhammad%20Khaled/Problam/src/Method_Overriding/Test.java</file>
            <file>file:/G:/Muhammad%20Khaled/Problam/src/Problem2/Shape.java</file>
            <file>file:/G:/Muhammad%20Khaled/Problam/src/abstraction/MobailUser.java</file>
            <file>file:/G:/Muhammad%20Khaled/Problam/src/SuperKeyWord2/A.java</file>
            <file>file:/G:/Muhammad%20Khaled/Problam/src/problam/Box.java</file>
            <file>file:/G:/Muhammad%20Khaled/Problam/src/problam/CallByReference.java</file>
            <file>file:/G:/Muhammad%20Khaled/Problam/src/interface_demo/Animal.java</file>
            <file>file:/G:/Muhammad%20Khaled/Problam/src/Varargs/AddDemo.java</file>
            <file>file:/G:/Muhammad%20Khaled/Problam/src/interface_demo2/Test.java</file>
            <file>file:/G:/Muhammad%20Khaled/Problam/src/ThisKeyWord/Test.java</file>
            <file>file:/G:/Muhammad%20Khaled/Problam/src/problam/Loop.java</file>
            <file>file:/G:/Muhammad%20Khaled/Problam/src/Problem2/Circle.java</file>
        </group>
    </open-files>
</project-private>
