<?xml version="1.0" encoding="UTF-8"?>
<project-private xmlns="http://www.netbeans.org/ns/project-private/1">
    <editor-bookmarks xmlns="http://www.netbeans.org/ns/editor-bookmarks/2" lastBookmarkId="0"/>
    <open-files xmlns="http://www.netbeans.org/ns/projectui-open-files/2">
        <group>
            <file>file:/G:/Muhammad%20Khaled/oop1/src/Static_Method/StaticBlock.java</file>
            <file>file:/G:/Muhammad%20Khaled/oop1/src/Static_Method/Test.java</file>
            <file>file:/G:/Muhammad%20Khaled/oop1/src/Static_variable/StaticVariable.java</file>
            <file>file:/G:/Muhammad%20Khaled/oop1/src/StaticVariable/Student.java</file>
            <file>file:/G:/Muhammad%20Khaled/oop1/src/oop1/Test.java</file>
            <file>file:/G:/Muhammad%20Khaled/oop1/src/Static_KeyWord/Test.java</file>
            <file>file:/G:/Muhammad%20Khaled/oop1/src/Static_Method/StaticMethod.java</file>
            <file>file:/G:/Muhammad%20Khaled/oop1/src/Returning_value/ReturningValue.java</file>
            <file>file:/G:/Muhammad%20Khaled/oop1/src/oop1/TeacherDemo.java</file>
            <file>file:/G:/Muhammad%20Khaled/oop1/src/StaticVariable/Test.java</file>
            <file>file:/G:/Muhammad%20Khaled/oop1/src/Static_variable/Test.java</file>
            <file>file:/G:/Muhammad%20Khaled/oop1/src/OverLoding_Constructor/OverlodingConstructor.java</file>
            <file>file:/G:/Muhammad%20Khaled/oop1/src/Returning_value/Test.java</file>
            <file>file:/G:/Muhammad%20Khaled/oop1/src/Static_KeyWord/Student.java</file>
            <file>file:/G:/Muhammad%20Khaled/oop1/src/OverLoding_Constructor/Teacher.java</file>
        </group>
    </open-files>
</project-private>
